-- database mẫu
CREATE TABLE IF NOT EXISTS users (
    id BIGINT GENERATED BY DEFAULT AS IDENTITY PRIMARY KEY,
    username VARCHAR(50) UNIQUE NOT NULL,
    password VARCHAR(16) NOT NULL,
    full_name VARCHAR(255),
    phone_number VARCHAR(20) UNIQUE NOT NULL,
    role VARCHAR(20),
    email VARCHAR(50),
    address VARCHAR(255),
    gender VARCHAR(20)
);;

CREATE TABLE IF NOT EXISTS accounts (
    id BIGINT GENERATED BY DEFAULT AS IDENTITY PRIMARY KEY,
    account_number VARCHAR(20) UNIQUE NOT NULL,
    account_type VARCHAR(50) DEFAULT 'PAYMENT',
    transaction_limit VARCHAR(50) DEFAULT '50M',
    balance DECIMAL(19, 2) DEFAULT 0,
    date_open TIMESTAMP,
    user_id BIGINT NOT NULL,
    CONSTRAINT fk_user FOREIGN KEY (user_id) REFERENCES users(id) ON DELETE CASCADE
);;

CREATE TABLE IF NOT EXISTS transactions (
    id BIGINT GENERATED BY DEFAULT AS IDENTITY PRIMARY KEY,
    transaction_id VARCHAR(50) UNIQUE,
    type VARCHAR(50),
    amount DECIMAL(19, 2),
    description VARCHAR(255),
    transaction_date TIMESTAMP,
    from_account_id BIGINT,
    to_account_id BIGINT,
    CONSTRAINT fk_from_account FOREIGN KEY (from_account_id) REFERENCES accounts(id),
    CONSTRAINT fk_to_account FOREIGN KEY (to_account_id) REFERENCES accounts(id)
);;

INSERT INTO users (id, username, password, full_name, phone_number, role, email, address, gender) VALUES
(1, 'user', 'Demo@2026', 'User Default', '0987654321', 'user', 'user1@gmail.com', 'user 1 address', 'Nam'),
(2, 'admin', 'SecureAdmin!2026', 'Quản trị viên', '0912345678', 'admin', 'admin@gmail.com', 'admin address', 'Khác'),
(3, 'mai', 'Mai123@', 'Nguyễn Thị Mai', '0909876543', 'user', 'user3@gmail.com', 'user 3 address', 'Nữ'),
(4, 'bach', 'Bach123@', 'Lê Hoàng Bách', '0938765432', 'user', 'user4@gmail.com', 'user 4 address', 'Nam'),
(5, 'linh', 'Linh321@', 'Nguyễn Ngọc Linh', '0947654321', 'user', 'user5@gmail.com', 'user 5 address', 'Nữ'),
(6, 'han', 'Han456@', 'Đỗ Văn Hấn', '0956789012', 'user', 'user6@gmail.com', 'user 6 address', 'Nam'),
(7, 'nam', 'Nam789@', 'Phạm Văn Nam', '0965432109', 'user', 'user7@gmail.com', 'user 7 address', 'Nam'),
(8, 'hoa', 'Hoa987@', 'Trần Thị Hoa', '0976543210', 'user', 'user8@gmail.com', 'user 8 address', 'Nữ'),
(9, 'tuan', 'Tuan654@', 'Nguyễn Văn Tuấn', '0908070605', 'user', 'user9@gmail.com', 'user 9 address', 'Nam'),
(10, 'hien', 'Hien321@', 'Lê Thị Hiền', '0998765432', 'user', 'user10@gmail.com', 'user 10 address', 'Nữ'),
(11, 'khachhang11', '123456', 'Khách hàng mẫu số 11', '0980000011', 'user', 'user11@gmail.com', 'user 11 address', 'Nam'),
(12, 'khachhang12', '123456', 'Khách hàng mẫu số 12', '0980000012', 'user', 'user12@gmail.com', 'user 12 address', 'Nữ'),
(13, 'khachhang13', '123456', 'Khách hàng mẫu số 13', '0980000013', 'user', 'user13@gmail.com', 'user 13 address', 'Nam'),
(14, 'khachhang14', '123456', 'Khách hàng mẫu số 14', '0980000014', 'user', 'user14@gmail.com', 'user 14 address', 'Nữ'),
(15, 'khachhang15', '123456', 'Khách hàng mẫu số 15', '0980000015', 'user', 'user15@gmail.com', 'user 15 address', 'Nam'),
(16, 'khachhang16', '123456', 'Khách hàng mẫu số 16', '0980000016', 'user', 'user16@gmail.com', 'user 16 address', 'Nữ'),
(17, 'khachhang17', '123456', 'Khách hàng mẫu số 17', '0980000017', 'user', 'user17@gmail.com', 'user 17 address', 'Nam'),
(18, 'khachhang18', '123456', 'Khách hàng mẫu số 18', '0980000018', 'user', 'user18@gmail.com', 'user 18 address', 'Nữ'),
(19, 'khachhang19', '123456', 'Khách hàng mẫu số 19', '0980000019', 'user', 'user19@gmail.com', 'user 19 address', 'Nam'),
(20, 'khachhang20', '123456', 'Khách hàng mẫu số 20', '0980000020', 'user', 'user20@gmail.com', 'user 20 address', 'Nữ'),
(21, 'khachhang21', '123456', 'Khách hàng mẫu số 21', '0980000021', 'user', 'user21@gmail.com', 'user 21 address', 'Nam'),
(22, 'khachhang22', '123456', 'Khách hàng mẫu số 22', '0980000022', 'user', 'user22@gmail.com', 'user 22 address', 'Nữ'),
(23, 'khachhang23', '123456', 'Khách hàng mẫu số 23', '0980000023', 'user', 'user23@gmail.com', 'user 23 address', 'Nam'),
(24, 'khachhang24', '123456', 'Khách hàng mẫu số 24', '0980000024', 'user', 'user24@gmail.com', 'user 24 address', 'Nữ'),
(25, 'khachhang25', '123456', 'Khách hàng mẫu số 25', '0980000025', 'user', 'user25@gmail.com', 'user 25 address', 'Nam'),
(26, 'khachhang26', '123456', 'Khách hàng mẫu số 26', '0980000026', 'user', 'user26@gmail.com', 'user 26 address', 'Nữ'),
(27, 'khachhang27', '123456', 'Khách hàng mẫu số 27', '0980000027', 'user', 'user27@gmail.com', 'user 27 address', 'Nam'),
(28, 'khachhang28', '123456', 'Khách hàng mẫu số 28', '0980000028', 'user', 'user28@gmail.com', 'user 28 address', 'Nữ'),
(29, 'khachhang29', '123456', 'Khách hàng mẫu số 29', '0980000029', 'user', 'user29@gmail.com', 'user 29 address', 'Nam'),
(30, 'khachhang30', '123456', 'Khách hàng mẫu số 30', '0980000030', 'user', 'user30@gmail.com', 'user 30 address', 'Nữ'),
(31, 'khachhang31', '123456', 'Khách hàng mẫu số 31', '0980000031', 'user', 'user31@gmail.com', 'user 31 address', 'Nam'),
(32, 'khachhang32', '123456', 'Khách hàng mẫu số 32', '0980000032', 'user', 'user32@gmail.com', 'user 32 address', 'Nữ'),
(33, 'khachhang33', '123456', 'Khách hàng mẫu số 33', '0980000033', 'user', 'user33@gmail.com', 'user 33 address', 'Nam'),
(34, 'khachhang34', '123456', 'Khách hàng mẫu số 34', '0980000034', 'user', 'user34@gmail.com', 'user 34 address', 'Nữ'),
(35, 'khachhang35', '123456', 'Khách hàng mẫu số 35', '0980000035', 'user', 'user35@gmail.com', 'user 35 address', 'Nam'),
(36, 'khachhang36', '123456', 'Khách hàng mẫu số 36', '0980000036', 'user', 'user36@gmail.com', 'user 36 address', 'Nữ'),
(37, 'khachhang37', '123456', 'Khách hàng mẫu số 37', '0980000037', 'user', 'user37@gmail.com', 'user 37 address', 'Nam'),
(38, 'khachhang38', '123456', 'Khách hàng mẫu số 38', '0980000038', 'user', 'user38@gmail.com', 'user 38 address', 'Nữ'),
(39, 'khachhang39', '123456', 'Khách hàng mẫu số 39', '0980000039', 'user', 'user39@gmail.com', 'user 39 address', 'Nam'),
(40, 'khachhang40', '123456', 'Khách hàng mẫu số 40', '0980000040', 'user', 'user40@gmail.com', 'user 40 address', 'Nữ'),
(41, 'khachhang41', '123456', 'Khách hàng mẫu số 41', '0980000041', 'user', 'user41@gmail.com', 'user 41 address', 'Nam'),
(42, 'khachhang42', '123456', 'Khách hàng mẫu số 42', '0980000042', 'user', 'user42@gmail.com', 'user 42 address', 'Nữ'),
(43, 'khachhang43', '123456', 'Khách hàng mẫu số 43', '0980000043', 'user', 'user43@gmail.com', 'user 43 address', 'Nam'),
(44, 'khachhang44', '123456', 'Khách hàng mẫu số 44', '0980000044', 'user', 'user44@gmail.com', 'user 44 address', 'Nữ'),
(45, 'khachhang45', '123456', 'Khách hàng mẫu số 45', '0980000045', 'user', 'user45@gmail.com', 'user 45 address', 'Nam'),
(46, 'khachhang46', '123456', 'Khách hàng mẫu số 46', '0980000046', 'user', 'user46@gmail.com', 'user 46 address', 'Nữ'),
(47, 'khachhang47', '123456', 'Khách hàng mẫu số 47', '0980000047', 'user', 'user47@gmail.com', 'user 47 address', 'Nam'),
(48, 'khachhang48', '123456', 'Khách hàng mẫu số 48', '0980000048', 'user', 'user48@gmail.com', 'user 48 address', 'Nữ'),
(49, 'khachhang49', '123456', 'Khách hàng mẫu số 49', '0980000049', 'user', 'user49@gmail.com', 'user 49 address', 'Nam'),
(50, 'khachhang50', '123456', 'Khách hàng mẫu số 50', '0980000050', 'user', 'user50@gmail.com', 'user 50 address', 'Nữ');;

INSERT INTO accounts (account_number, balance, date_open, user_id) VALUES
(1, 5000000, '2026-07-17', 1),
(2, 0, '2026-07-17', 2),
(3, 25000000, '2026-07-17', 3),
(4, 340000, '2026-07-17', 4),
(5, 8000, '2026-07-17', 5),
(6, 85000000000, '2026-07-17', 6),
(7, 1234567890, '2026-07-17', 7),
(8, 5000000, '2026-07-17', 8),
(9, 7500000, '2026-07-17', 9),
(10, 12000000, '2026-07-17', 10),
(12, 0, '2026-07-17', 12),
(13, 0, '2026-07-17', 13),
(14, 0, '2026-07-17', 14),
(15, 0, '2026-07-17', 15),
(16, 0, '2026-07-17', 16),
(17, 0, '2026-07-17', 17),
(18, 0, '2026-07-17', 18),
(19, 0, '2026-07-17', 19),
(20, 0, '2026-07-17', 20),
(21, 0, '2026-07-17', 21),
(22, 0, '2026-07-17', 22),
(23, 0, '2026-07-17', 23),
(24, 0, '2026-07-17', 24),
(25, 0, '2026-07-17', 25),
(26, 0, '2026-07-17', 26),
(27, 0, '2026-07-17', 27),
(28, 0, '2026-07-17', 28),
(29, 0, '2026-07-17', 29),
(30, 0, '2026-07-17', 30),
(31, 0, '2026-07-17', 31),
(32, 0, '2026-07-17', 32),
(33, 0, '2026-07-17', 33),
(34, 0, '2026-07-17', 34),
(35, 0, '2026-07-17', 35),
(36, 0, '2026-07-17', 36),
(37, 0, '2026-07-17', 37),
(38, 0, '2026-07-17', 38),
(39, 0, '2026-07-17', 39),
(40, 0, '2026-07-17', 40),
(41, 0, '2026-07-17', 41),
(42, 0, '2026-07-17', 42),
(43, 0, '2026-07-17', 43),
(44, 0, '2026-07-17', 44),
(45, 0, '2026-07-17', 45),
(46, 0, '2026-07-17', 46),
(47, 0, '2026-07-17', 47),
(48, 0, '2026-07-17', 48),
(49, 0, '2026-07-17', 49),
(50, 0, '2026-07-17', 50);;

INSERT INTO transactions (transaction_id, type, amount, description, transaction_date, to_account_id, from_account_id) VALUES
('TXN-20260708-001', 'DEPOSIT', 2000000.00, 'Nạp tiền mặt tại quầy', CURRENT_TIMESTAMP - INTERVAL '3' DAY, 1, NULL);;

INSERT INTO transactions (transaction_id, type, amount, description, transaction_date, to_account_id, from_account_id) VALUES
('TXN-20260708-002', 'WITHDRAW', 500000.00, 'Rút tiền qua ATM', CURRENT_TIMESTAMP - INTERVAL '2' DAY, NULL, 1);;

ALTER TABLE users ALTER COLUMN id RESTART WITH 51;;
ALTER TABLE accounts ALTER COLUMN id RESTART WITH 51;;
ALTER TABLE transactions ALTER COLUMN id RESTART WITH 3;;

-- hàm Trigger để tự động tạo tài khoản khi người dùng mới được thêm vào
CREATE OR REPLACE FUNCTION auto_create_account() RETURNS TRIGGER AS $$
BEGIN
    IF NEW.role = 'user' THEN
        INSERT INTO accounts (account_number, account_type, transaction_limit, balance, date_open, user_id)
        VALUES ('KH' || LPAD(NEW.id::TEXT, 3, '0'), 'PAYMENT', '50M', 0.00, CURRENT_TIMESTAMP, NEW.id);
    END IF;
    RETURN NEW;
END;
$$ LANGUAGE plpgsql;;

CREATE TRIGGER trigger_auto_create_account
AFTER INSERT ON users
FOR EACH ROW
EXECUTE FUNCTION auto_create_account();;

CREATE INDEX IF NOT EXISTS idx_users_phone ON users(phone_number);;
CREATE INDEX IF NOT EXISTS idx_users_fullname ON users(full_name);;