-- database mẫu
CREATE TABLE IF NOT EXISTS users (
    id BIGINT GENERATED BY DEFAULT AS IDENTITY PRIMARY KEY,
    username VARCHAR(50) UNIQUE NOT NULL,
    password VARCHAR(255) NOT NULL,
    full_name VARCHAR(255),
    phone_number VARCHAR(20),
    role VARCHAR(20)
);;

CREATE TABLE IF NOT EXISTS accounts (
    id BIGINT GENERATED BY DEFAULT AS IDENTITY PRIMARY KEY,
    account_number VARCHAR(20) UNIQUE NOT NULL, -- Số tài khoản (VD: KH001)
    balance DECIMAL(19, 2) DEFAULT 0,
    user_id BIGINT NOT NULL,
    CONSTRAINT fk_user FOREIGN KEY (user_id) REFERENCES users(id) ON DELETE CASCADE
);;

CREATE TABLE IF NOT EXISTS transactions (
    id BIGINT GENERATED BY DEFAULT AS IDENTITY PRIMARY KEY,
    transaction_id VARCHAR(50) UNIQUE,
    type VARCHAR(50),
    amount DECIMAL(19, 2),
    description VARCHAR(255),
    transaction_date TIMESTAMP,
    from_account_id BIGINT,
    to_account_id BIGINT,
    CONSTRAINT fk_from_account FOREIGN KEY (from_account_id) REFERENCES accounts(id),
    CONSTRAINT fk_to_account FOREIGN KEY (to_account_id) REFERENCES accounts(id)
);;

INSERT INTO users (id, username, password, full_name, phone_number, role) VALUES
(1, 'user', 'Demo@2026', 'Trần Quang Minh', '0987654321', 'user'),
(2, 'admin', 'SecureAdmin!2026', 'Quản trị viên', '0912345678', 'admin'),
(3, 'mai', 'Mai123@', 'Nguyễn Thị Mai', '0909876543', 'user'),
(4, 'bach', 'Bach123@', 'Lê Hoàng Bách', '0938765432', 'user'),
(5, 'linh', 'Linh321@', 'Nguyễn Ngọc Linh', '0947654321', 'user'),
(6, 'han', 'Han456@', 'Đỗ Văn Hấn', '0956789012', 'user'),
(7, 'nam', 'Nam789@', 'Phạm Văn Nam', '0965432109', 'user'),
(8, 'hoa', 'Hoa987@', 'Trần Thị Hoa', '0976543210', 'user'),
(9, 'tuan', 'Tuan654@', 'Nguyễn Văn Tuấn', '0987654321', 'user'),
(10, 'hien', 'Hien321@', 'Lê Thị Hiền', '0998765432', 'user');;

INSERT INTO accounts (id, account_number, balance, user_id) VALUES
(1, 'KH001', 5000000, 1),
(2, 'KH002', 0, 2),
(3, 'KH003', 25000000, 3),
(4, 'KH004', 340000, 4),
(5, 'KH005', 8000, 5),
(6, 'KH006', 85000000000, 6),
(7, 'KH007', 1234567890, 7),
(8, 'KH008', 50000000, 8),
(9, 'KH009', 7500000, 9),
(10, 'KH010', 12000000, 10);;

INSERT INTO transactions (transaction_id, type, amount, description, transaction_date, to_account_id, from_account_id) VALUES
('TXN-20260708-001', 'DEPOSIT', 2000000.00, 'Nạp tiền mặt tại quầy', CURRENT_TIMESTAMP - INTERVAL '3' DAY, 1, NULL);;

INSERT INTO transactions (transaction_id, type, amount, description, transaction_date, to_account_id, from_account_id) VALUES
('TXN-20260708-002', 'WITHDRAW', 500000.00, 'Rút tiền qua ATM', CURRENT_TIMESTAMP - INTERVAL '2' DAY, NULL, 1);;

ALTER TABLE users ALTER COLUMN id RESTART WITH 11;;
ALTER TABLE accounts ALTER COLUMN id RESTART WITH 11;;
ALTER TABLE transactions ALTER COLUMN id RESTART WITH 3;;

-- hàm Trigger để tự động tạo tài khoản khi người dùng mới được thêm vào
CREATE OR REPLACE FUNCTION auto_create_account()
RETURNS TRIGGER AS $$
BEGIN
    IF NEW.role = 'user' THEN
        INSERT INTO accounts (account_number, balance, user_id)
        VALUES ('KH' || LPAD(NEW.id::TEXT, 3, '0'), 0.00, NEW.id);
    END IF;
    RETURN NEW;
END;
$$ LANGUAGE plpgsql;;

CREATE TRIGGER trigger_auto_create_account
AFTER INSERT ON users
FOR EACH ROW
EXECUTE FUNCTION auto_create_account();;